标题,链接,摘要
深度学习框架对比.docx--专业分享IT编程学习资源 - 只为小站,http://www.kerwin.cn/dl/detail/penghongliang/2204715,"对比分析主流的深度学习框架:TensorFlow是相对高阶的机器学习库,用户可以方便地用它设计神经网络结构,而不必为了追求高效率的实现亲自写C++或CUDA代码;Caffe 全称为 Convoluti"
主流深度学习框架比较 - 机器人论坛 - 电子技术论坛 - 广受欢迎的专业电子论坛!,https://bbs.elecfans.com/jishu_1707362_1_1.html,"声明:本文内容及配图由入驻作者撰写或者入驻合作网站授权转载。文章观点仅代表作者本人,不代表电子发烧友网立场。文章及其配图仅供工程师学习之用,如有内容图片侵权或者其他问题,请联系本站作侵删。  侵权投诉"
主流深度学习框架对比  科研之友,https://www.scholarmate.com/S/VeNIpx,"目前使用的深度学习框架较多,每个框架都有自己的特点。这些深度学习框架都完美支持深度神经网络,深度学习训练模型通常是建立在大数据基础上,但是性能和训练成本有所不同。本文对比TensorFlow、Caff"
深度学习框架对比(2025年3月版)_深度学习_HPC_fac13052067816-讯飞AI开发者社区,https://xfyun.csdn.net/686b8d3784f46d6e48a5417a.html,"​一、核心训练框架
1.
PyTorch
‌动态计算图‌:支持即时执行模式,研究者在训练过程中可实时修改网络结构
‌生态整合‌:与Hugging
Face
Transformers等库深度集成,提供完"
比较深度学习框架 - 哔哩哔哩,https://www.bilibili.com/read/cv29261067,粉丝: 527 文章: 22 本文禁止转载或摘编
weixin_46846685 个人主页,https://devpress.csdn.net/user/weixin_46846685,"几种常用深度学习框架简介
几种常用深度学习框架简介一、TensorFlow1.1
Tensorflow简介1.2
使用文档1.3
预训练模型二、Pytorch2.1
Pytorch简介2.2
使用文档"
深度学习框架之争:PyTorch、TensorFlow和PaddlePaddle的全面对比_深度学习_鳗小鱼-DAMO开发者矩阵,https://damodev.csdn.net/68a6f9614e4959284dac19ed.html,"导言:
PyTorch、TensorFlow和PaddlePaddle作为三大主流深度学习框架,一直以来都备受关注。本文将深入对比这三者,剖析它们的差异、侧重点、研究动态、技术应用、实际场景以及未来发"
2501_90323865 个人主页,https://devpress.csdn.net/user/2501_90323865,"PyTorch与JAX:深度学习框架的对比与选择
综上所述,PyTorch和JAX都是强大的深度学习框架。PyTorch在易用性、社区支持以及快速原型开发和实验的灵活性方面表现出色,适合大多数深度学习"
以下哪个是深度学习框架() - 上学吧,https://m.shangxueba.com/jnjd/69ea3ibw.html,"A.支持主流深度学习框架,包括TensorFlow,Caffe,PyTorch,Keras,CNTK,Theano等B.支持多种深度学习组件,比如PCA,
Random
Forest,
KNN等C.覆"
深度学习框架之争:PyTorch、TensorFlow和PaddlePaddle的全面对比_paddlepaddle和pytorch相比-CSDN博客,https://blog.csdn.net/BetrayFree/article/details/135522180,"导言:
PyTorch、TensorFlow和PaddlePaddle作为三大主流深度学习框架,一直以来都备受关注。本文将深入对比这三者,剖析它们的差异、侧重点、研究动态、技术应用、实际场景以及未来发"
